Length,Name
A,2.23606797749979
B,2.23606797749979
C,32.7566787083184
