{
    "side AB": 2.0,
    "side BC": 1.0,
    "side CD": 2.0,
    "side DA": 1.0,
    "diagonal AC": 2.2360679775,
    "diagonal BD": 2.2360679775
}